Accuracy,Top-5 Accuracy,Macro Precision,Weighted Precision,Macro Recall,Weighted Recall,Weighted F1-Score
0.4234297812279464,0.78969654199012,0.028228652081863093,0.17929277963074652,0.06666666666666667,0.4234297812279464,0.2519165778252532
0.4269583627381793,0.7981651376146789,0.0665865772720881,0.2514039398746809,0.07399033816425121,0.4269583627381793,0.2739894384006064
0.4234297812279464,0.7988708539167255,0.028228652081863093,0.17929277963074652,0.06666666666666667,0.4234297812279464,0.2519165778252532
0.4234297812279464,0.7791107974594214,0.028228652081863093,0.17929277963074652,0.06666666666666667,0.4234297812279464,0.2519165778252532
0.4234297812279464,0.7840508115737473,0.028228652081863093,0.17929277963074652,0.06666666666666667,0.4234297812279464,0.2519165778252532
0.4234297812279464,0.78969654199012,0.028228652081863093,0.17929277963074652,0.06666666666666667,0.4234297812279464,0.2519165778252532
0.4234297812279464,0.78969654199012,0.028228652081863093,0.17929277963074652,0.06666666666666667,0.4234297812279464,0.2519165778252532
